drugname,brandname,breakthrough,year,atc,icd9,indication
"FLUOCINOLONE ACETONIDE (INTRAOCULAR IMPLANT, MEDIDUR), ALIMERA/PSIVIDA",Iluvien,0,2014,A10,250,diabetic macular edema
"INSULIN (INHALED, TECHNOSPHERE), MANNKIND/SANOFI",Afrezza,0,2014,A10,250,insulin dependent diabetes
INSULIN DEGLUDEC,Tresiba,0,2015,A10,250,insulin dependent diabetes
"INSULIN GLARGINE (NEW FORMULATION), SANOFI",Toujeo Solostar,0,2015,A10,250,insulin dependent diabetes
"INSULIN GLARGINE BIOSIMILAR, ELI LILLY/BOEHRINGER",Basaglar,0,2015,A10,250,insulin dependent diabetes
SITAGLIPTIN,Januvia,0,2006,A10,250,non-insulin dependent diabetes
"SITAGLIPTIN + METFORMIN (ORAL, TYPE 2 DIABETES), MERCK & CO",Janumet,0,2007,A10,250,non-insulin dependent diabetes
"REPAGLINIDE + METFORMIN (ORAL, DIABETES), NOVO NORDISK/SHIONOGI PHARMA",Prandimet,0,2008,A10,250,non-insulin dependent diabetes
"BROMOCRIPTINE (ORAL IMMEDIATE RELEASE, DIABETES), VEROSCIENCE",Cycloset,0,2009,A10,250,non-insulin dependent diabetes
"PIOGLITAZONE + EXTENDED-RELEASE METFORMIN (ORAL, TYPE 2 DIABETES), ANDRX/TAKEDA",Actoplus Met XR,0,2009,A10,250,non-insulin dependent diabetes
SAXAGLIPTIN,Onglyza,0,2009,A10,250,non-insulin dependent diabetes
LIRAGLUTIDE,Victoza,0,2010,A10,250,non-insulin dependent diabetes
"SAXAGLIPTIN + EXTENDED-RELEASE METFORMIN (ORAL, TYPE 2 DIABETES), ASTRAZENECA/BMS",Kombiglyze XR,0,2010,A10,250,non-insulin dependent diabetes
LINAGLIPTIN,Tradjenta,0,2011,A10,250,non-insulin dependent diabetes
"SITAGLIPTIN + SIMVASTATIN (DIABETES), MERCK & CO",Juvisync,0,2011,A10,250,non-insulin dependent diabetes
"EXENATIDE (CONTROLLED-RELEASE, MEDISORB), ASTRAZENECA",Bydureon,0,2012,A10,250,non-insulin dependent diabetes
"LINAGLIPTIN + METFORMIN (ORAL, TYPE 2 DIABETES), BOEHRINGER INGELHEIM/ELI LILLY",Jentadueto,0,2012,A10,250,non-insulin dependent diabetes
"SITAGLIPTIN + EXTENDED-RELEASE METFORMIN (ORAL, TYPE 2 DIABETES, MERCK & CO",Janumet XR,0,2012,A10,250,non-insulin dependent diabetes
ALOGLIPTIN BENZOATE,Nesina,0,2013,A10,250,non-insulin dependent diabetes
"ALOGLIPTIN BENZOATE + METFORMIN HYDROCHLORIDE (ORAL, TYPE 2 DIABETES), TAKEDA",Kazano,0,2013,A10,250,non-insulin dependent diabetes
"ALOGLIPTIN BENZOATE + PIOGLITAZONE HYDROCHLORIDE (ORAL, TYPE 2 DIABETES), TAKEDA",Oseni,0,2013,A10,250,non-insulin dependent diabetes
CANAGLIFLOZIN,Invokana,0,2013,A10,250,non-insulin dependent diabetes
ALBIGLUTIDE,Tanzeum,0,2014,A10,250,non-insulin dependent diabetes
"CANAGLIFLOZIN + METFORMIN IR (ORAL, TYPE 2 DIABETES), JOHNSON & JOHNSON PHARMACEUTICAL RESEARCH & DEVELOPMENT",Invokamet,0,2014,A10,250,non-insulin dependent diabetes
"DAPAGLIFLOZIN + METFORMIN (DIABETES), ASTRAZENECA",Xigduo XR,0,2014,A10,250,non-insulin dependent diabetes
DAPAGLIFLOZIN PROPANEDIOL,Farxiga,0,2014,A10,250,non-insulin dependent diabetes
DULAGLUTIDE,Trulicity,0,2014,A10,250,non-insulin dependent diabetes
EMPAGLIFLOZIN,Jardiance,0,2014,A10,250,non-insulin dependent diabetes
"EMPAGLIFLOZIN + LINAGLIPTIN (ORAL, TYPE 2 DIABETES), BOEHRINGER/ELI LILLY",Glyxambi,0,2015,A10,250,non-insulin dependent diabetes
"EMPAGLIFLOZIN + METFORMIN (ORAL, TYPE 2 DIABETES), BOEHRINGER/ELI LILLY",Synjardy,0,2015,A10,250,non-insulin dependent diabetes
INSULIN DEGLUDEC + INSULIN ASPART,Ryzodeg 70/30,0,2015,A10,250,non-insulin dependent diabetes
"INSULIN DEGLUDEC + LIRAGLUTIDE (DIABETES), NOVO NORDISK",Xultophy 100/3.6,0,2016,A10,250,non-insulin dependent diabetes
"INSULIN GLARGINE + LIXISENATIDE (DIABETES), SANOFI/ZEALAND PHARMA",Soliqua 100/33,0,2016,A10,250,non-insulin dependent diabetes
LIXISENATIDE,Adlyxin,0,2016,A10,250,non-insulin dependent diabetes
"SAXAGLIPTIN + DAPAGLIFLOZIN (ORAL, TYPE 2 DIABETES), ASTRAZENECA",Qtern,0,2017,A10,250,non-insulin dependent diabetes
LANREOTIDE,Somatuline Depot,0,2007,A10,253,acromegaly
"PASIREOTIDE PAMOATE (SUSTAINED RELEASE), NOVARTIS",Signifor LAR,0,2014,A10,253,acromegaly
"SOMATROPIN BIOSIMILAR, SANDOZ",Omnitrope,0,2006,A10,253,growth disorder
"SOMATROPIN BIOSIMILAR, LG LIFE SCIENCES",Valtropin,0,2007,A10,253,growth disorder
ALGLUCOSIDASE ALFA,Myozyme,0,2006,A10,271,pompes disease
ETEPLIRSEN,Exondys 51,0,2016,A10,359,duchenne dystrophy
"DEXTROMETHORPHAN HYDROBROMIDE + QUINIDINE SULFATE (ORAL, PSEUDOBULBAR AFFECT/ DIABETIC PERIPHERAL NEUROPATHIC PAIN), AVANIR PHARMACEUTICALS",Nuedexta,0,2010,A15,799,emotional lability
"IOHEXOL (DISSOLVABLE POWDER FORMULATION), INTERPHARMA PRAHA",Oraltag,0,2015,A4,536,gastrointestinal disease
DOXYLAMINE SUCCINATE + PYRIDOXINE HYDROCHLORIDE,Diclegis,0,2013,A4,643,morning sickness
FOSAPREPITANT,Emend for injection,0,2008,A4,787,chemotherapy induced nausea and vomiting
"NETUPITANT + PALONOSETRON (ORAL, CHEMOTHERAPY-INDUCED NAUSEA), HELSINN",Akynzeo,0,2014,A4,787,chemotherapy induced nausea and vomiting
"ROLAPITANT (ORAL), TESARO",Varubi,0,2015,A4,787,chemotherapy induced nausea and vomiting
DRONABINOL ORAL SOLUTION,Syndros,0,2016,A4,787,chemotherapy induced nausea and vomiting
FIDAXOMICIN,Dificid,0,2011,A4,787,diarrhea
CROFELEMER,Fulyzaq,0,2012,A4,787,diarrhea
"OCTREOTIDE FOLLOW-ON BIOLOGIC, USV",,,2014,A4,787,diarrhea
"ONDANSETRON (THIN FILM, EMESIS), MIDATECH",Zuplenz,0,2010,A4,787,emesis
PRUSSIAN BLUE INSOLUBLE,Radiogardase,0,2003,A4,990,radiation sickness
"ARGIPRESSIN  (INJECTION), PAR PHARMACEUTICAL",Vasostrict,0,2014,A7,458,hypotension
"PHENYLEPHRINE HYDROCHLORIDE (IV, HYPOTENSION), AVADEL PHARMACEUTICALS",Vazculep,0,2014,A7,458,hypotension
"EPHEDRINE SULFATE (IV, HYPOTENSION), AVADEL PHARMACEUTICALS",Akovaz,0,2016,A7,458,hypotension
DROXIDOPA,Northera,0,2014,A7,458,orthostatic hypotension
TEDUGLUTIDE,Gattex,0,2012,A7,579,short bowel syndrome
TELOTRISTAT ETIPRATE,Xermelo,0,2017,A8,259,carcinoid syndrome
IVACAFTOR,Kalydeco,0,2012,A8,277,cystic fibrosis
"LUMACAFTOR + IVACAFTOR (CYSTIC FIBROSIS), VERTEX/CYSTIC FIBROSIS FOUNDATION THERAPEUTICS",Orkambi,1,2015,A8,277,cystic fibrosis
RILONACEPT,Arcalyst,0,2008,A8,277,familial cold autoinflammatory syndrome
CINRYZE,Cinryze,0,2008,A8,277,hereditary angioedema
CE-1145,Berinert,0,2009,A8,277,hereditary angioedema
ECALLANTIDE,Kalibitor,0,2009,A8,277,hereditary angioedema
ICATIBANT,Firazyr,0,2011,A8,277,hereditary angioedema
CONESTAT ALFA,Ruconest,0,2014,A8,277,hereditary angioedema
IDURSULFASE,Elaprase,0,2006,A8,277,hunter syndrome
ELOSULFASE ALFA,Vimizim,0,2014,A8,277,morquio syndrome
CANAKINUMAB,Ilaris,0,2009,A8,277,muckle wells syndrome
LORCASERIN,Belviq,0,2012,A8,278,obesity
"PHENTERMINE + TOPIRAMATE (ORAL, OBESITY/TYPE 2 DIABETES), VIVUS",Qsymia,0,2012,A8,278,obesity
"BUPROPION + NALTREXONE (OBESITY), OREXIGEN/TAKEDA",Contrave,0,2014,A8,278,obesity
"LORCASERIN HYDROCHLORIDE (EXTENDED-RELEASE, OBESITY), ARENA/EISAI",Belviq XR,0,2016,A8,278,obesity
"NALTREXONE (ONCE-MONTHLY CONTROLLED-RELEASE, MEDISORB), ALKERMES",Vivitrol,0,2006,A8,303,alcoholism
"PHENTOLAMINE MESYLATE (ANESTHESIA REVERSAL), NOVALAR",Oraverse,0,2008,A8,303,intoxication
"SODIUM NITRITE AND SODIUM THIOSULFATE REGIMEN (INTRAVENOUS, CYANIDE POISONING), HOPE PHARMACEUTICAL",Nithiodote,0,2011,A8,303,intoxication
"LOXAPINE (INHALED (STACCATO), ACUTE AGITATION), ALEXZA",Adasuve,0,2012,A8,307,agitation
LOMITAPIDE,Juxtapid,0,2012,C10,272,familial hypercholesterolemia
"MIPOMERSEN (HOMOZYGOUS FAMILIAL HYPERCHOLESTEROLEMIA), KASTLE",Kynamro,0,2013,C10,272,familial hypercholesterolemia
ALIROCUMAB,Praluent,0,2015,C10,272,familial hypercholesterolemia
EVOLOCUMAB,Repatha,0,2015,C10,272,familial hypercholesterolemia
VELAGLUCERASE ALFA,Vpriv,0,2010,C10,272,gauchers disease type i
TALIGLUCERASE ALFA,Elelyso,0,2012,C10,272,gauchers disease type i
ELIGLUSTAT TARTRATE,Cerdelga,0,2014,C10,272,gauchers disease type i
TESAMORELIN,Egrifta,0,2010,C10,272,hiv-associated lipodystrophy
PITAVASTATIN,Livalo,0,2009,C10,272,hypercholesterolemia
"EZETIMIBE + ATORVASTATIN, MERCK & CO",Liptruzet,0,2013,C10,272,hypercholesterolemia
"FENOFIBRATE (IMPROVED TABLET FORMULATION, MELTDOSE), VELOXIS",Fenoglide,0,2007,C10,272,hypertriglyceridemia
"ICOSAPENT ETHYL, AMARIN",Vascepa,0,2012,C10,272,hypertriglyceridemia
CHOLINE FENOFIBRATE,Trilipix,0,2008,C10,272,lipid metabolism disorder
"FENOFIBRIC ACID (TABLET, DYSLIPIDEMIA), AR SCIENTIFIC/URL PHARMA",Fibricor,0,2009,C10,272,lipid metabolism disorder
METRELEPTIN,Myalept,0,2014,C10,272,lipodystrophy
SEBELIPASE ALFA,Kanuma,1,2015,C10,272,lysosomal acid lipase deficiency
APIXABAN,Eliquis,0,2012,C2,88,thromboembolism
VORAPAXAR,Zontivity,0,2014,C2,88,thromboembolism
EDOXABAN,Savaysa,0,2015,C2,88,thromboembolism
"ACETYLSALICYLIC ACID (81 MG, DELAYED RELEASE) + OMEPRAZOLE (40 MG, QUICK RELEASE) (CARDIOVASCULAR DISEASE), ARALEZ",Yosprala,0,2016,C2,88,thromboembolism
"MIFEPRISTONE (CUSHING'S SYNDROME/CANCER), CORCEPT THERAPEUTICS",Korlym,0,2012,C2,255,cushings disease
PASIREOTIDE DIASPARTATE,Signifor,0,2012,C2,255,cushings disease
AVANAFIL,Stendra,0,2012,C2,302,erectile dysfunction
FLIBANSERIN,Addyi,0,2015,C2,302,hypoactive sexual desire disorder
"CARVEDILOL PHOSPHATE (EXTENDED RELEASE, MICROPUMP), GLAXOSMITHKLINE",Coreg CR,0,2006,C2,401,hypertension
"METOPROLOL EXTENDED RELEASE + HYDROCHLOROTHIAZIDE TABLET (HYPERTENSION), ASTRAZENECA",Dutoprol,0,2006,C2,401,hypertension
ALISKIREN,Tekturna,0,2007,C2,401,hypertension
NEBIVOLOL,Bystolic,0,2007,C2,401,hypertension
"OLMESARTAN MEDOXOMIL + AMLODIPINE BESYLATE  (HYPERTENSION), DAIICHI SANKYO",Azor,0,2007,C2,401,hypertension
"VALSARTAN + AMLODIPINE BESYLATE (ORAL), NOVARTIS",Exforge,0,2007,C2,401,hypertension
ALISKIREN + HYDROCHLOROTHIAZIDE,Tekturna HCT,0,2008,C2,401,hypertension
CLEVIDIPINE,Cleviprex,0,2008,C2,401,hypertension
AMLODIPINE + TELMISARTAN,Twynsta,0,2009,C2,401,hypertension
AMLODIPINE BESYLATE + VALSARTAN + HYDROCHLOROTHIAZIDE,Exforge HCT,0,2009,C2,401,hypertension
"CLONIDINE (ORALXR+ EXTENDED-RELEASE, HYPERTENSION), NEXTWAVE",Nexiclon XR,0,2009,C2,401,hypertension
"CLONIDINE HYDROCHLORIDE (SUSTAINED-RELEASE, ADHD), CONCORDIA/DEARMPHARMA",Jenloga,0,2009,C2,401,hypertension
"ALISKIREN + AMLODIPINE (ORAL, HYPERTENSION), NOVARTIS",Tekamlo,0,2010,C2,401,hypertension
"ALISKIREN + AMLODIPINE + HYDROCHLOROTHIAZIDE (ORAL, HYPERTENSION), NOVARTIS",Amturnide,0,2010,C2,401,hypertension
"OLMESARTAN + AMLODIPINE + HYDROCHLOROTHIAZIDE (HYPERTENSION), DAIICHI SANKYO",Tribenzor,0,2010,C2,401,hypertension
"AZILSARTAN MEDOXOMIL POTASSIUM (HYPERTENSION), TAKEDA/ ARBOR",Edarbi,0,2011,C2,401,hypertension
"AZILSARTAN MEDOXOMIL POTASSIUM + CHLORTHALIDONE (HYPERTENSION), TAKEDA/ ARBOR",Edarbyclor,0,2011,C2,401,hypertension
"ENALAPRIL MALEATE (POWDER FOR ORAL SOLUTION, HYPERTENSION/SYMPTOMATIC HEART FAILURE/ASYMPTOMATIC LEFT VENTRICULAR DYSFUNCTION), SILVERGATE PHARMACEUTICALS",Epaned Kit,0,2013,C2,401,hypertension
"PERINDOPRIL ARGININE + AMLODIPINE BESYLATE (HYPERTENSION), SERVIER/SYMPLMED",Prestalia,0,2015,C2,401,hypertension
"LISINOPRIL (ORAL SOLUTION, PEDIATRIC HYPERTENSION), SILVERGATE PHARMACEUTICALS",Qbrelis,0,2016,C2,401,hypertension
"NEBIVOLOL + VALSARTAN (ORAL, HYPERTENSION), ALLERGAN",Byvalson,0,2016,C2,401,hypertension
"EPTIFIBATIDE FOLLOW-ON BIOLOGIC, USV",,,2014,C2,410,myocardial infarction
RANOLAZINE,Ranexa,0,2006,C2,413,angina
"NITROGLYCERIN (SUBLINGUAL, ANGINA PECTORIS), G POHL-BOSKAMP/ESPERO PHARMACEUTICALS",GoNitro,0,2016,C2,413,angina
"AMMONIA N-13 INJECTION (CARDIAC PET IMAGING), FEINSTEIN INSTITUTE FOR MEDICAL RESEARCH",Ammonia N 13,0,2007,C2,414,coronary artery disease
REGADENOSON,Lexiscan,0,2008,C2,414,coronary artery disease
RIVAROXABAN,Xarelto,0,2011,C2,415,lung embolism
RIOCIGUAT,Adempas,0,2013,C2,416,chronic thromboembolic pulmonary hypertension
AMBRISENTAN,Letairis,0,2007,C2,416,pulmonary artery hypertension
"EPOPROSTENOL (IMPROVED STABILITY INTRAVENOUS, PULMONARY ARTERIAL HYPERTENSION), ACTELION",Veletri,0,2008,C2,416,pulmonary artery hypertension
"TREPROSTINIL (INHALED, SUSTAINED-RELEASE), UNITED THERAPEUTICS/ARADIGM",Tyvaso,0,2009,C2,416,pulmonary artery hypertension
MACITENTAN,Opsumit,0,2013,C2,416,pulmonary artery hypertension
"TREPROSTINIL DIOLAMINE (ORAL, PULMONARY ARTERIAL HYPERTENSION), UNITED THERAPEUTICS",Orenitram,0,2013,C2,416,pulmonary artery hypertension
SELEXIPAG,Uptravi,0,2015,C2,416,pulmonary artery hypertension
IVABRADINE HYDROCHLORIDE,Corlanor,0,2015,C2,428,cardiac failure
SACUBITRIL + VALSARTAN TRISODIUM HEMIPENTAHYDRATE,Entresto,0,2015,C2,428,cardiac failure
"SULPHUR HEXAFLUORIDE MICROBUBBLE ULTRASOUND AGENT, BRACCO",Lumason,0,2014,C2,429,cardiovascular disease
"ACETYLSALICYLIC ACID (ORAL CONTROLLED RELEASE, MICROPUMP, CARDIOVASCULAR DISEASE), AVADEL/NEW HAVEN/ ESPERO",Durlaza,0,2015,C2,429,cardiovascular disease
"NIMODIPINE (ORAL SOLUTION, SUBARACHNOID HEMORRHAGE), ARBOR PHARMACEUTICALS",Nymalize,0,2013,C2,431,brain hemorrhage
GADOFOSVESET,Ablavar,0,2008,C2,443,peripheral vascular disease
ANTITHROMBIN ALFA,Atryn,0,2009,C2,453,thrombosis
NINTEDANIB,Ofev,1,2014,C2,516,idiopathic pulmonary fibrosis
PIRFENIDONE,Esbriet,1,2014,C2,516,idiopathic pulmonary fibrosis
"PANCRELIPASE REPLACEMENT THERAPY (EXOCRINE PANCREATIC INSUFFICIENCY), EURAND",Zenpep,0,2009,C2,577,exocrine pancreatic insufficiency
PANCREAZE,Pancreaze,0,2010,C2,577,exocrine pancreatic insufficiency
"PANCRELIPASE (DELAYED RELEASE, EXOCRINE PANCREATIC INSUFFICIENCY), APTALIS",Ultresa,0,2012,C2,577,exocrine pancreatic insufficiency
"PANCRELIPASE (EXOCRINE PANCREATIC INSUFFICIENCY), DIGESTIVE CARE/CHIESI USA INC",Pertzye,0,2012,C2,577,exocrine pancreatic insufficiency
VIOKACE,Viokace,0,2012,C2,577,exocrine pancreatic insufficiency
GLUCARPIDASE,Voraxaze,0,2012,C2,583,nephrotoxicity
SILODOSIN,Rapaflo,0,2008,C2,600,prostate hyperplasia
"PROGESTERONE (VAGINAL PESSARY), FERRING",Endometrin,0,2007,C2,628,female infertility
"MERCAPTAMINE (CYSTINOSIS), LEADIANT BIOSCIENCES",Cystaran,0,2012,C3,588,cystinosis
"ETELCALCETIDE (SECONDARY HYPERPARATHYROIDISM), ONO/AMGEN",Parsabiv,0,2017,C3,588,secondary hyperparathyroidism
"PROPRANOLOL (ORAL SOLUTION, INFANT HEMANGIOMA), PIERRE FABRE/ MARUHO",Hemangeol,0,2014,C7,228,hemangioma
DRONEDARONE,Multaq,0,2009,C8,427,atrial fibrillation
"SOTALOL HYDROCHLORIDE (ORAL SOLUTION, PEDIATRIC VENTRICULAR ARRHYTHMIA/ATRIAL FLUTTER/ATRIAL FIBRILLATION), ARBOR PHARMACEUTICALS",Sotylize,0,2014,C8,427,ventricular arrhythmia
"AMIODARONE (INTRAVENOUS, CAPTISOL-ENABLED, ARRHYTHMIA), PRISM PHARMACEUTICALS",Nexterone,0,2008,C8,427,ventricular tachycardia
"HYDROXYPROGESTERONE CAPROATE (LONG-ACTING, PRETERM BIRTH PREVENTION), ADEZA",Makena,0,2011,C8,644,premature labor
"RECOMBINANT HUMAN PARATHYROID HORMONE (PTH) 1-84 (SC, OSTEOPOROSIS), NPS/SHIRE",Natpara,0,2015,D10,252,hypoparathyroidism
"CTAP-101 (ORAL), OPKO HEALTH",Rayaldee,0,2016,D10,268,vitamin d deficiency
"KETOCONAZOLE (TRANSDERMAL, ONCE-DAILY), AQUA",Xolegel,0,2006,D10,690,seborrheic dermatitis
"KETOCONAZOLE (VERSAFOAM-HF), STIEFEL",Extina,0,2007,D10,690,seborrheic dermatitis
"BRIMONIDINE (TOPICAL GEL, ERYTHEMA), GALDERMA",Mirvaso,0,2013,D10,695,erythema
"DOXYCYCLINE (ONCE-DAILY, ORAL CONTROLLED RELEASE), COLLAGENEX",Oracea,0,2006,D10,695,rosacea
"IVERMECTIN (TOPICAL CREAM, ROSACEA), GALDERMA",Soolantra,0,2014,D10,695,rosacea
"ADAPALENE + BENZOYL PEROXIDE (TOPICAL GEL, ACNE), GALDERMA",Epiduo,0,2008,D10,706,acne
"ISOTRETINOIN (ORAL), CIPHER PHARMACEUTICALS",Absorica,0,2012,D10,706,acne
"CLINDAMYCIN PHOSPHATE + TRETINOIN (TOPICAL, ACNE), DOW/MEDICIS",Ziana,0,2006,D10,706,acne vulgaris
"MINOCYCLINE HYDROCHLORIDE (EXTENDED-RELEASE, ACNE), MEDICIS",Solodyn,0,2006,D10,706,acne vulgaris
"CLINDAMYCIN PHOSPHATE + TRETINOIN (TOPICAL GEL, ACNE), STIEFEL/GSK",Veltin,0,2010,D10,706,acne vulgaris
"ADAPALENE 0.3% + BENZOYL PEROXIDE 2.5% (TOPICAL GEL, ACNE VULGARIS), GALDERMA LABORATORIES",Epiduo Forte,0,2015,D10,706,acne vulgaris
KEDBUMIN,Kedbumin,0,2011,D3,256,ovarian hyperstimulation syndrome
"POLIDOCANOL ENDOVENOUS MICROFOAM (IV, VARICOSIS), BTG",Varithena,0,2013,D3,454,varicosis
OROCHOL,Vaxchora,0,2016,J1,1,vibrio cholerae infection
NP-018,BAT,0,2013,J1,5,clostridium botulinum infection
BEZLOTOXUMAB,Zinplava,0,2016,J1,8,clostridium difficile infection
ROTATEQ,RotaTeq,0,2006,J1,8,rotavirus infection
ROTARIX,Rotarix,0,2008,J1,8,rotavirus infection
BEDAQUILINE,Sirturo,0,2012,J1,11,mycobacterium tuberculosis infection
RAXIBACUMAB,raxibacumab,0,2012,J1,22,bacillus anthracis infection
"ANTHRAX IMMUNE GLOBULIN INTRAVENOUS, EMERGENT BIOSOLUTIONS (CANGENE)",Anthrasil,0,2015,J1,22,bacillus anthracis infection
KINRIX,Kinrix,0,2008,J1,33,bordetella pertussis infection
HIB-MENCY-TT,MenHibrix,0,2012,J1,36,neisseria meningitidis infection
MENVEO,Menveo,0,2010,J1,36,neisseria meningitidis meningitis
"MENINGOCOCCAL B RLP2086 VACCINE, PFIZER",Trumenba,1,2014,J1,36,neisseria meningitidis meningitis
BEXSERO,Bexsero,1,2015,J1,36,neisseria meningitidis meningitis
DORIPENEM,Doribax,0,2007,J1,41,bacterial infection
"DOXYCYCLINE HYCLATE (EASY-TO-SWALLOW, ACNE, BACTERIAL INFECTION), AQUA PHARMACEUTICALS",Acticlate,0,2014,J1,41,bacterial infection
RETAPAMULIN,Altabax,0,2007,J1,41,bacterial skin infection
TELAVANCIN,Vibativ,0,2009,J1,41,bacterial skin infection
CEFTAROLINE FOSAMIL,Teflaro,0,2010,J1,41,bacterial skin infection
TEDIZOLID PHOSPHATE,Sivextro,0,2014,J1,41,bacterial skin infection
CEFTOLOZANE SULFATE + TAZOBACTAM,Zerbaxa,0,2014,J1,41,gram negative bacterium infection
GSK-208108,Hiberix,0,2009,J1,41,haemophilus influenzae infection
"BISKALCITRATE POTASSIUM + METRONIDAZOLE + TETRACYCLINE HCL (H PYLORI INFECTION), APTALIS/ NEWBRIDGE/ NOVAMEDICA",Pylera,0,2006,J1,41,helicobacter pylori infection
"AZTREONAM LYSINE (NEBULIZED), GILEAD",Cayston,0,2010,J1,41,pseudomonas aeruginosa infection
"TOBRAMYCIN (INHALED), CHIESI",Bethkis,0,2012,J1,41,pseudomonas aeruginosa infection
"TOBRAMYCIN (DRY POWDER INHALER, INHANCE), NOVARTIS/NEKTAR",Tobi Podhaler,0,2013,J1,41,pseudomonas aeruginosa infection
DALBAVANCIN,Dalvance,0,2014,J1,41,streptococcus infection
BESIFLOXACIN,Besivance,0,2009,J1,372,conjunctivitis
ALCAFTADINE,Lastacaft,0,2010,J1,372,conjunctivitis
"CIPROFLOXACIN + FLUOCINOLONE ACETONIDE (EAR DROP, EXTERNAL OTITIS), SALVAT",Otovel,0,2016,J1,380,otitis externa
"CIPROFLOXACIN (INTRATYMPANIC SUSTAINED RELEASE GEL, OTITIS MEDIA), OTONOMY",Otiprio,0,2015,J1,382,otitis media
"AMOXICILLIN (PULSATILE FORMULATION), SHIONOGI",Moxatag,0,2008,J1,462,pharyngitis
PREVNAR 13,Prevnar 13,0,2010,J1,482,streptococcus pneumoniae infection
ARFORMOTEROL,Brovana,0,2006,J1,491,chronic obstructive pulmonary disease
INDACATEROL,Arcapta Neohaler,0,2011,J1,491,chronic obstructive pulmonary disease
ROFLUMILAST,Daliresp,0,2011,J1,491,chronic obstructive pulmonary disease
ACLIDINIUM BROMIDE,Tudorza Pressair,0,2012,J1,491,chronic obstructive pulmonary disease
"FLUTICASONE FUROATE + VILANTEROL TRIFENATATE  (ORAL INHALANT, ASTHMA/COPD), GLAXOSMITHKLINE",Breo Ellipta,0,2013,J1,491,chronic obstructive pulmonary disease
"UMECLIDINIUM BROMIDE + VILANTEROL TRIFENATATE (COPD, INHALANT), GLAXOSMITHKLINE/THERAVANCE",Anoro Ellipta,0,2013,J1,491,chronic obstructive pulmonary disease
OLODATEROL,Striverdi Respimat,0,2014,J1,491,chronic obstructive pulmonary disease
UMECLIDINIUM BROMIDE,Incruse Ellipta,0,2014,J1,491,chronic obstructive pulmonary disease
"GLYCOPYRRONIUM BROMIDE + INDACATEROL MALEATE (INHALED), NOVARTIS",Utibron Neohaler,0,2015,J1,491,chronic obstructive pulmonary disease
"OLODATEROL HYDROCHLORIDE + TIOTROPIUM BROMIDE MONOHYDRATE L (RESPIMAT SOFT MIST/INHALED, COPD), BOEHRINGER INGELHEIM",Stiolto Respimat,0,2015,J1,491,chronic obstructive pulmonary disease
"FORMOTEROL FUMARATE + GLYCOPYRRONIUM BROMIDE (INHALED, COPD), PEARL",Bevespi Aerosphere,0,2016,J1,491,chronic obstructive pulmonary disease
"FORMOTEROL FUMARATE (INHALED NEBULIZED, COPD), MYLAN",Perforomist,0,2007,J1,492,emphysema
"OMEPRAZOLE AND BICARBONATE (ORAL CAPSULES), SANTARUS/GSK/NORGINE",Omeprazole,0,2006,J1,531,stomach ulcer
"ESOMEPRAZOLE STRONTIUM (ORAL, ULCER), HANMI",Esomeprazole strontium delayed-release,0,2013,J1,531,stomach ulcer
NITROGLYCERIN OINTMENT,Rectiv,0,2011,J1,569,anus pain
"METRONIDAZOLE 1.3% (VAGINAL GEL, BACTERIAL VAGINOSIS), ALLERGAN",Nuvessa,0,2014,J1,616,bacterial vaginosis
"AVIBACTAM SODIUM + CEFTAZIDIME (IV, URINARY TRACT INFECTION), ASTRAZENECA/ALLERGAN",Avycaz,0,2015,J1,760,urinary tract infection
SILTUXIMAB,Sylvant,0,2014,J1,785,castlemans disease
"DEXRAZOXANE (EXTRAVASATION), APRICUS/KISSEI",Totect,0,2007,J1,989,toxicity
CALCIUM LEVOFOLINATE,Fusilev,0,2008,J1,989,toxicity
"CARBINOXAMINE (EXTENDED RELEASE ORAL SUSPENSION, ALLERGY), TRIS PHARMA/FSC LABORATORIES",Karbinal ER,0,2013,J1,995,allergy
"GRANISETRON (TRANSDERMAL PATCH), KYOWA KIRIN",Sancuso,0,2008,J1,995,chemotherapy-induced emesis
"ONDANSETRON (ORAL QUICK RELEASE, RAPIDFILM), APR/LABTEC/MONOSOL RX/BIOALLIANCE/SCICLONE",,,2011,J1,995,chemotherapy-induced emesis
"GRANISETRON (SUSTAINED RELEASE SUBCUTANEOUS), HERON THERAPEUTICS",Sustol,0,2016,J1,995,chemotherapy-induced emesis
SUGAMMADEX,Bridion,0,2015,J1,995,general anesthesia
"DANTROLENE SODIUM (HEAT STROKE/MALIGNANT HYPERTHERMIA), EAGLE PHARMACEUTICALS",Ryanodex,0,2014,J1,995,malignant hyperthermia
MILTEFOSINE,Impavido,0,2014,J2,85,leishmania infection
"ITRACONAZOLE (ONCE-DAILY ORAL FORMULATION), MERZ",Onmel,0,2010,J2,110,onychomycosis
TAVABOROLE,Kerydin,0,2014,J2,110,onychomycosis
LULICONAZOLE,Luzu,0,2013,J2,110,tinea corporis
"ECONAZOLE NITRATE 1% (TOPICAL FOAM, TINEA PEDIS), EXELTIS USA DERMATOLOGY",Ecoza,0,2013,J2,110,tinea pedis
"NAFTIFINE HYDROCHLORIDE GEL (TINEA PEDIS/TINEA CAPITIS), MERZ NORTH AMERICA",Naftin,0,2013,J2,110,tinea pedis
EFINACONAZOLE,Jublia,0,2014,J2,110,trichophyton infection
ANIDULAFUNGIN,Eraxis,0,2006,J2,112,candida infection
"MICONAZOLE (TOPICAL), BARRIER THERAPEUTICS",Vusion,0,2006,J2,112,candida infection
POSACONAZOLE,Noxafil (oral suspension),0,2006,J2,112,candida infection
"MICONAZOLE NITRATE (TABLET, LAURIAD, CANDIDIASIS), BIOALLIANCE",Oravig,0,2010,J2,112,candida infection
"ISAVUCONAZONIUM CHLORIDE/SULFATE (ORAL), BASILEA/ASTELLAS",Cresemba (oral),0,2015,J2,117,aspergillus infection
"POSACONAZOLE (DELAYED RELEASE/ORAL TABLET), MERCK & CO",Noxafil (oral tablet),0,2013,J2,117,fungal infection
"POSACONAZOLE (IV FORMULATION, CAPTISOL-ENABLED), MERCK & CO",Noxafil (IV),0,2014,J2,117,fungal infection
"ISAVUCONAZONIUM CHLORIDE/SULFATE (INTRAVENOUS), BASILEA/ASTELLAS",Cresemba (intravenous),0,2015,J2,117,zygomycete infection
"TENOFOVIR DISOPROXIL FUMARATE + EMTRICITABINE + EFAVIRENZ, GILEAD/BMS/MERCK & CO",Atripla,0,2006,J5,42,hiv infection
MARAVIROC,Selzentry,0,2007,J5,42,hiv infection
"DOLUTEGRAVIR + LAMIVUDINE + ABACAVIR (HIV), VIIV",Triumeq,0,2014,J5,42,hiv infection
"DARUNAVIR + COBICISTAT (FIXED DOSE, HIV INFECTION), JANSSEN R&D/ GILEAD",Prezcobix,0,2015,J5,42,hiv infection
PENTACEL,Pentacel,0,2008,J5,45,poliovirus infection
QUADRACEL,Quadracel,0,2015,J5,45,poliovirus infection
GADOBUTROL,Gadavist,0,2011,J5,46,central nervous system disease
GADOTERATE MEGLUMINE,Dotarem,0,2013,J5,46,central nervous system disease
ACAM-2000,"Smallpox (Vaccinia) Vaccine, Live",0,2007,J5,50,variola virus infection
"ACICLOVIR + HYDROCORTISONE (DERMATOLOGICAL), MEDIVIR",Xerese,0,2009,J5,54,herpes simplex virus infection
"GANCICLOVIR (0.15% OPHTHALMIC GEL, EYE INFECTION), SIRION/LABORATORIES THEA",Zirgan,0,2009,J5,54,herpetic keratitis
"ACICLOVIR (BUCCAL, LAURIAD), ONXEO",Sitavig,0,2013,J5,54,hsv-1 infection
IC-51,Ixiaro,0,2009,J5,62,japanese encephalitis virus infection
HEPAGAM B,HepaGam B,0,2006,J5,70,hepatitis b virus infection
TELBIVUDINE,Tyzeka,0,2006,J5,70,hepatitis b virus infection
TENOFOVIR ALAFENAMIDE FUMARATE,Vemlidy,0,2016,J5,70,hepatitis b virus infection
BOCEPREVIR,Victrelis,0,2011,J5,70,hepatitis c virus infection
TELAPREVIR,Incivek,0,2011,J5,70,hepatitis c virus infection
SIMEPREVIR,Olysio,0,2013,J5,70,hepatitis c virus infection
SOFOSBUVIR,Sovaldi,1,2013,J5,70,hepatitis c virus infection
"SOFOSBUVIR + LEDIPASVIR (FIXED-COMBINATION, HCV), GILEAD",Harvoni,1,2014,J5,70,hepatitis c virus infection
DACLATASVIR,Daklinza,0,2015,J5,70,hepatitis c virus infection
"PARITAPREVIR + RITONAVIR + OMBITASVIR (ORAL, HCV INFECTION) ABBVIE",Technivie,1,2015,J5,70,hepatitis c virus infection
"GRAZOPREVIR + ELBASVIR (ORAL/FDC TABLET, HCV INFECTION), MERCK",Zepatier,1,2016,J5,70,hepatitis c virus infection
"SOFOSBUVIR + VELPATASVIR (FIXED DOSE COMBINATION, HCV), GILEAD",Epclusa,1,2016,J5,70,hepatitis c virus infection
DR-5001,"Adenovirus Type 4 and Type 7 Vaccine, Live, Oral",0,2011,J5,79,adenovirus infection
BR-01,BR-01,,2014,J5,79,adenovirus infection
DARUNAVIR,Prezista,0,2006,J5,79,hiv-1 infection
RALTEGRAVIR,Isentress,0,2007,J5,79,hiv-1 infection
ETRAVIRINE,Intelence,0,2008,J5,79,hiv-1 infection
RILPIVIRINE HYDROCHLORIDE,Edurant,0,2011,J5,79,hiv-1 infection
"TENOFOVIR DISOPROXIL FUMARATE + EMTRICITABINE + RILPIVIRINE HYDROCHLORIDE (HIV-1 INFECTION, FIXED DOSE), GILEAD SCIENCES",Complera,0,2011,J5,79,hiv-1 infection
"EMTRICITABINE + TENOFOVIR DISOPROXIL FUMARATE + ELVITEGRAVIR + COBICISTAT (SINGLE TABLET REGIMEN, HIV/AIDS), GILEAD SCIENCES",Stribild,0,2012,J5,79,hiv-1 infection
DOLUTEGRAVIR,Tivicay,0,2013,J5,79,hiv-1 infection
COBICISTAT,Tybost,0,2014,J5,79,hiv-1 infection
ELVITEGRAVIR,Vitekta,0,2014,J5,79,hiv-1 infection
"ATAZANAVIR SULFATE + COBICISTAT (FIXED-DOSE COMBINATION, HIV INFECTION), BRISTOL-MYERS SQUIBB",Evotaz,0,2015,J5,79,hiv-1 infection
"TENOFOVIR ALAFENAMIDE + EMTRICITABINE + COBICISTAT + ELVITEGRAVIR (FDC, HIV), GILEAD/ JAPAN TOBACCO",Genvoya,0,2015,J5,79,hiv-1 infection
"EMTRICITABINE + TENOFOVIR ALAFENAMIDE (FIXED DOSE, HIV INFECTION), GILEAD/ JAPAN TOBACCO",Descovy,0,2016,J5,79,hiv-1 infection
"TENOFOVIR ALAFENAMIDE + EMTRICITABINE + RILPIVIRINE (FDC, HIV), GILEAD/ JANSSEN",Odefsey,0,2016,J5,79,hiv-1 infection
CRIZOTINIB,Xalkori,0,2011,J5,151,metastatic non small cell lung cancer
CERITINIB,Zykadia,1,2014,J5,151,metastatic non small cell lung cancer
ALECTINIB,Alecensa,1,2015,J5,151,metastatic non small cell lung cancer
NECITUMUMAB,Portrazza,0,2015,J5,151,metastatic non small cell lung cancer
OSIMERTINIB,Tagrisso,1,2015,J5,151,metastatic non small cell lung cancer
"IRINOTECAN SUCROSOFATE (NANOLIPOSOMAL, CANCER), PHARMAENGINE/MERRIMACK/SHIRE",Onivyde,0,2015,J5,151,metastatic pancreas cancer
EVEROLIMUS,Afinitor,0,2009,J5,151,metastatic renal cancer
RAMUCIRUMAB,Cyramza,0,2014,J5,151,metastatic stomach cancer
PANITUMUMAB,Vectibix,0,2006,J5,153,colorectal tumor
"AFLIBERCEPT (INTRAVENOUS, CANCER), REGENERON/SANOFI",Zaltrap,0,2012,J5,153,metastatic colorectal cancer
REGORAFENIB,Stivarga,0,2012,J5,153,metastatic colorectal cancer
"TRIFLURIDINE + TIPIRACIL HYDROCHLORIDE (ORAL), TAIHO",Lonsurf,0,2015,J5,153,metastatic colorectal cancer
GADOXETATE DISODIUM,Eovist,0,2008,J5,155,liver tumor
AFATINIB,Gilotrif,0,2013,J5,162,non-small-cell lung cancer
"TOPOTECAN HYDROCHLORIDE (ORAL, SMALL-CELL LUNG CANCER), NOVARTIS",Hycamtin,0,2007,J5,162,small-cell lung cancer
TRABECTEDIN,Yondelis,0,2015,J5,171,liposarcoma
VISMODEGIB,Erivedge,0,2012,J5,173,basal cell carcinoma
"SONIDEGIB (ORAL), NOVARTIS",Odomzo,0,2015,J5,173,basal cell carcinoma
IPILIMUMAB,Yervoy,0,2011,J5,173,melanoma
VEMURAFENIB,Zelboraf,0,2011,J5,173,melanoma
NIVOLUMAB,Opdivo,1,2014,J5,173,melanoma
LAPATINIB,Tykerb,0,2007,J5,174,metastatic breast cancer
PERTUZUMAB,Perjeta,0,2012,J5,174,metastatic breast cancer
TRASTUZUMAB EMTANSINE,Kadcyla,0,2013,J5,174,metastatic breast cancer
PALBOCICLIB,Ibrance,1,2015,J5,174,metastatic breast cancer
RIBOCICLIB,Kisquali,1,2017,J5,174,metastatic breast cancer
OLARATUMAB,Lartruvo,1,2016,J5,176,soft tissue sarcoma
OLAPARIB,Lynparza,0,2014,J5,183,ovary tumor
"RUCAPARIB CAMSYLATE (ORAL, SOLID TUMORS), CLOVIS",Rubraca,1,2016,J5,183,ovary tumor
DEGARELIX,Firmagon,0,2008,J5,185,hormone dependent prostate cancer
CABAZITAXEL,Jevtana,0,2010,J5,185,hormone refractory prostate cancer
SIPULEUCEL-T,Provenge,0,2010,J5,185,hormone refractory prostate cancer
ABIRATERONE,Zytiga,0,2011,J5,185,hormone refractory prostate cancer
ENZALUTAMIDE,Xtandi,0,2012,J5,185,hormone refractory prostate cancer
RADIUM RA 223 DICHLORIDE,Xofigo,0,2013,J5,185,hormone refractory prostate cancer
"DOCETAXEL (ALCOHOL FREE), TEIKOKU/EAGLE",Docetaxel,0,2015,J5,185,prostate tumor
FLUCICLOVINE (18F),Axumin,0,2016,J5,185,prostate tumor
SUNITINIB,Sutent,0,2006,J5,189,renal cell carcinoma
TEMSIROLIMUS,Torisel,0,2007,J5,189,renal cell carcinoma
AXITINIB,Inlyta,0,2012,J5,189,renal cell carcinoma
CABOZANTINIB S-MALATE (RCC),Cabometyx,1,2016,J5,189,renal cell carcinoma
PAZOPANIB,Votrient,0,2009,J5,189,renal tumor
BRENTUXIMAB VEDOTIN,Adcetris,0,2011,J5,201,hodgkins disease
"VORINOSTAT (ORAL), MERCK & CO",Zolinza,0,2006,J5,202,cutaneous t-cell lymphoma
ROMIDEPSIN,Istodax,0,2009,J5,202,cutaneous t-cell lymphoma
"MECHLORETHAMINE HYDROCHLORIDE (TOPICAL GEL, CTCL/MYCOSIS FUNGOIDES), YAUPON",Valchlor,0,2013,J5,202,mycosis fungoides
"BENDAMUSTINE HYDROCHLORIDE (READY-TO-DILUTE, IV, CHRONIC LYMPHOCYTIC LEUKEMIA/NON-HODGKINâ€™S LYMPHOMA), EAGLE PHARMACEUTICALS",Bendeka,0,2015,J5,202,non-hodgkin lymphoma
PRALATREXATE,Folotyn,0,2009,J5,202,peripheral t-cell lymphoma
"BELINOSTAT (IV, CANCER), ONXEO/SPECTRUM",Beleodaq,0,2014,J5,202,peripheral t-cell lymphoma
CARFILZOMIB,Kyprolis,0,2012,J5,203,multiple myeloma
POMALIDOMIDE,Pomalyst,0,2013,J5,203,multiple myeloma
DARATUMUMAB,Darzalex,1,2015,J5,203,multiple myeloma
ELOTUZUMAB,Empliciti,1,2015,J5,203,multiple myeloma
"IXAZOMIB CITRATE (ORAL, MULTIPLE MYELOMA/AMYLOIDOSIS), MILLENNIUM",Ninlaro,0,2015,J5,203,multiple myeloma
"PANOBINOSTAT (ORAL), NOVARTIS",Farydak,0,2015,J5,203,multiple myeloma
"MELPHALAN (INTRAVENOUS/CAPTISOL, MULTIPLE MYELOMA), SPECTRUM / CASI PHARMACEUTICALS",Evomela,0,2016,J5,203,multiple myeloma
"CRISANTASPASE (ACUTE LYMPHOBLASTIC LEUKEMIA), JAZZ PHARMACEUTICALS",Erwinaze,0,2011,J5,204,acute lymphoblastic leukemia
PONATINIB,Iclusig,0,2012,J5,204,acute lymphoblastic leukemia
VINCRISTINE SULFATE,Marqibo,0,2012,J5,204,acute lymphoblastic leukemia
BLINATUMOMAB,Blincyto,1,2014,J5,204,acute lymphoblastic leukemia
"MERCAPTOPURINE (ORAL SUSPENSION, ACUTE LYMPHOBLASTIC LEUKEMIA), NOVA",Purixan,0,2014,J5,204,acute lymphoblastic leukemia
BENDAMUSTINE,Treanda,0,2008,J5,204,chronic lymphocytic leukemia
OFATUMUMAB,Arzerra,0,2009,J5,204,chronic lymphocytic leukemia
OBINUTUZUMAB,Gazyva,1,2013,J5,204,chronic lymphocytic leukemia
IDELALISIB,Zydelig,1,2014,J5,204,chronic lymphocytic leukemia
VENETOCLAX,Venclexta,1,2016,J5,204,chronic lymphocytic leukemia
DASATINIB,Sprycel,0,2006,J5,205,chronic myelocytic leukemia
NILOTINIB,Tasigna,0,2007,J5,205,chronic myelocytic leukemia
BOSUTINIB,Bosulif,0,2012,J5,205,chronic myelocytic leukemia
"OMACETAXINE MEPESUCCINATE (INJECTABLE, CANCER), CHEMGENEX/HOSPIRA",Synribo,0,2012,J5,205,chronic myelocytic leukemia
DECITABINE,Dacogen,0,2006,J5,238,myelodysplastic syndrome
HEXAMINOLEVULINATE HYDROCHLORIDE,Cysview,0,2010,J5,239,bladder tumor
IXABEPILONE,Ixempra,0,2007,J5,239,breast tumor
ERIBULIN MESYLATE,Halaven,0,2010,J5,239,breast tumor
TECHNETIUM TC 99M TILMANOCEPT,Lymphoseek Kit,0,2013,J5,239,breast tumor
LENVATINIB MESYLATE,Lenvima,0,2015,J5,239,thyroid tumor
"FILGRASTIM BIOSIMILAR, TEVA/NIPPON KAYAKU",Granix,0,2012,J5,288,neutropenia
"ARGATROBAN (READY-TO-USE, THROMBOSIS), CHIESI",argatroban in sodium chloride,0,2011,J5,289,heparin induced thrombocytopenia
"METHYLTHIONINIUM CHLORIDE SOLUTION (IV, METHEMOGLOBINEMIA), PROVEPHARM/DAIICHI SANKYO/DR FRANZ KOHLER",ProvayBlue,0,2016,J5,289,methemoglobinemia
"RUXOLITINIB (ORAL, MYELOPROLIFERATIVE DISORDERS), INCYTE/NOVARTIS",Jakafi,0,2011,J5,289,myelofibrosis
"HUMAN PROTEIN C, SHIRE",Ceprotin,0,2007,J5,289,protein c deficiency
HYDROCODONE BITARTRATE + CHLORPHENIRAMINE MALEATE + PSEUDOEPHEDRINE HYDROCHLORIDE,Zutripro,0,2011,J5,460,common cold
FLUVIRAL,FluLaval,0,2006,J5,487,influenza virus infection
FLUVAX,Afluria,0,2007,J5,487,influenza virus infection
"H5N1 INFLUENZA VACCINE, SANOFI PASTEUR",Emerflu,,2007,J5,487,influenza virus infection
FLUVIRIN A(H1N1),Fluvirin,0,2009,J5,487,influenza virus infection
"H1N1 PANDEMIC INFLUENZA VACCINE (AS03 ADJUVANTED) 1, GLAXOSMITHKLINE","H1N1 vaccine, GlaxoSmithKline",,2009,J5,487,influenza virus infection
"H1N1 PANDEMIC INFLUENZA VACCINE (US MARKET), SANOFI PASTEUR","H1N1 vaccine, Sanofi Pasteur",,2009,J5,487,influenza virus infection
"LIVE ATTENUATED H1N1 PANDEMIC INFLUENZA VACCINE (NASAL), MEDIMMUNE","H1N1 vaccine, MedImmune",0,2009,J5,487,influenza virus infection
OPTAFLU,Flucelvax,0,2012,J5,487,influenza virus infection
FLUBLOK,Flublok,0,2013,J5,487,influenza virus infection
"H5N1 INFLUENZA VACCINE (SPLIT WHOLE VIRUS), GLAXOSMITHKLINE","Influenza A (H5N1) Virus Monovalent Vaccine, Adjuvanted",0,2013,J5,487,influenza virus infection
"PERAMIVIR (INTRAVENOUS, INFLUENZA VIRUS INFECTION), UNIVERSITY OF ALABAMA/BIOCRYST",Rapivab,0,2014,J5,487,influenza virus infection
FLUAD,Fluad,0,2015,J5,487,influenza virus infection
"QUADRIVALENT INFLUENZA VACCINE (CELL-BASED), SEQIRUS",Flucelvax Quadrivalent,0,2016,J5,487,influenza virus infection
OBETICHOLIC ACID,Ocaliva,0,2016,J5,571,primary biliary cirrhosis
"DEFIBROTIDE (IV, VENO-OCCLUSIVE DISEASE), GENTIUM",Defitelio,0,2016,J5,573,venous occlusive disease
"INGENOL MEBUTATE (TOPICAL), PEPLIN",Picato,0,2012,J5,702,keratosis
"AMINOLEVULINIC ACID (NANOCOLLOIDAL), BIOFRONTERA",Ameluz,0,2016,J5,702,keratosis
"LUCINACTANT (LIQUID INSTILLATE), WINDTREE THERAPEUTICS/ESTEVE",Surfaxin,0,2012,J5,770,neonatal respiratory distress syndrome
HYDROCODONE BITARTRATE + PSEUDOEPHEDRINE HYDROCHLORIDE,Rezira,0,2011,J5,786,cough
"HYDROCODONE BITARTRATE + CHLORPHENIRAMINE MALEATE (COUGH), HAWTHORN PHARMACEUTICALS",Vituz,0,2013,J5,786,cough
"CODEINE POLISTIREX + CHLORPHENIRAMINE POLISTIREX (EXTENDED-RELEASE ORAL SUSPENSION, COUGH), VERNALIS/TRIS",Tuzistra XR,0,2015,J5,786,cough
GARDASIL,Gardasil,0,2006,J5,2012,papillomavirus infection
VEREGEN,Veregen,0,2006,J5,2012,papillomavirus infection
CERVARIX,Cervarix,0,2009,J5,2012,papillomavirus infection
GARDASIL 9,Gardasil 9,0,2014,J5,2012,papillomavirus infection
"CICLESONIDE (NASAL/AEROSOL FORMULATION), ALTANA/SUNOVION",Omnaris,0,2006,J7,477,allergic rhinitis
"FLUTICASONE FUROATE (NASAL, ALLERGIC RHINITIS), GSK",Flonase,0,2007,J7,477,allergic rhinitis
"GRASS-POLLEN ALLERGEN IMMUNOTHERAPY (SUBLINGUAL TABLET), STALLERGENES/PALADIN LABS/GREER LAB",Oralair,0,2014,J7,477,allergic rhinitis
MITIZAX,Odactra,0,2017,J7,477,allergic rhinitis
"OLOPATADINE (NASAL SPRAY), ALCON",Patanase,0,2008,J7,477,seasonal allergic rhinitis
"AZELASTINE + FLUTICASONE (NASAL SPRAY, ALLERGIC RHINITIS), MEDA/CIPLA",Dymista,0,2012,J7,477,seasonal allergic rhinitis
"BECLOMETHASONE DIPROPIONATE  (WATERLESS NASAL SPRAY, ALLERGIC RHINITIS), TEVA",Qnasl,0,2012,J7,477,seasonal allergic rhinitis
GRAZAX,Grastek,0,2014,J7,477,seasonal allergic rhinitis
MK-3641,Ragwitek,0,2014,J7,477,seasonal allergic rhinitis
"ALPHA-1 ANTITRYPSIN (IV, IMMUNE/RESPIRATORY DISEASE/TYPE 1 DIABETES), SHIRE/KAMADA",Glassia,0,2010,K3,273,alpha-1 antitrypsin deficiency
PATIROMER CALCIUM,Veltassa,0,2015,K3,276,hyperkalemia
TOLVAPTAN,Samsca,0,2009,K3,276,hyponatremia
FERUMOXYTOL,Feraheme,0,2009,K3,280,iron deficiency anemia
FERRIC CARBOXYMALTOSE,Injectafer,0,2013,K3,280,iron deficiency anemia
"SOLUBLE FERRIC PYROPHOSPHATE CITRATE (ANEMIA), ROCKWELL MEDICAL",Triferic,0,2015,K3,280,iron deficiency anemia
METHOXY POLYETHYLENE GLYCOL-EPOETIN BETA,Mircera,0,2007,K3,281,anemia
URIDINE TRIACETATE,Xuriden,1,2015,K3,281,anemia
URIDINE TRIACETATE (EMERGENCY TREATMENT),Vistogard,0,2015,K3,281,anemia
"HUMAN THROMBIN (FROZEN, SURGICAL BLEEDING), OMRIX",Evithrom,0,2007,K3,456,bleeding
THROMBIN ALFA,Recothrom,0,2008,K3,456,bleeding
"FIBRINOGEN + THROMBIN (COLLAGEN PATCH, BLEEDING), TAKEDA/ BAXTER/ HIKMA/ HYUNDAI/ CSL",TachoSil,0,2010,K3,456,bleeding
"THROMBIN + FIBRINOGEN MATRIX PATCH (SURGICAL BLEEDING), OMRIX/ETHICON",Evarrest,0,2012,K3,456,bleeding
COAGADEX,Coagadex,0,2015,K3,456,bleeding
"FIBRINOGEN + THROMBIN MICROCAPSULES (HEMORRHAGE), PROFIBRIX/INNOVATA",Raplixa,0,2015,K3,456,bleeding
IDARUCIZUMAB,Praxbind,1,2015,K3,456,bleeding
"ATROPINE + PRALIDOXIME CHLORIDE AUTOINJECTOR (NERVE AGENT POISONING), MERIDIAN MEDICAL TECHNOLOGIES",Duodote,0,2006,K3,977,poison intoxication
"HYDROXOCOBALAMIN (CYANIDE INTOXICATION), MERCK SANTE",Cyanokit,0,2006,K3,977,poison intoxication
ANASCORP,Anascorp,0,2011,K3,977,poison intoxication
"SODIUM NITRITE (INTRAVENOUS, SICKLE CELL DISEASE/MYOCARDIAL INFARCTION/CEREBRAL VASOSPASM), HOPE PHARMACEUTICALS",sodium nitrite injection,0,2012,K3,977,poison intoxication
DABRAFENIB,Tafinlar,0,2013,L3,172,stage iv melanoma
TRAMETINIB,Mekinist,0,2013,L3,172,stage iv melanoma
PEMBROLIZUMAB,Keytruda,1,2014,L3,172,stage iv melanoma
COBIMETINIB,Cotellic,0,2015,L3,172,stage iv melanoma
TALIMOGENE LAHERPAREPVEC,Imlygic,0,2015,L3,172,stage iv melanoma
ATEZOLIZUMAB,Tecentriq,1,2016,L3,188,metastatic bladder cancer
DINUTUXIMAB,Unituxin,0,2015,L3,194,neuroblastoma
AVELUMAB,Bavencio,1,2017,L3,209,merkel cell carcinoma
IOBENGUANE SULFATE I 123,Adreview,0,2008,L3,209,neuroendocrine tumor
"68GA-DOTATATE (NEUROENDOCRINE TUMORS), ADVANCED ACCELERATOR APPLICATIONS",Netspot,0,2016,L3,209,neuroendocrine tumor
IBRUTINIB,Imbruvica,1,2013,L4,200,mantle cell lymphoma
"FILGRASTIM BIOSIMILAR, SANDOZ",Zarxio,0,2015,L4,208,stem cell transplantation
"THIOTEPA (HEMATOPOIETIC STEM CELL TRANSPLANTATION/SOLID TUMORS), ADIENNE",Tepadina,0,2017,L4,208,stem cell transplantation
GAMMAPLEX,Gammaplex,0,2009,L4,279,immune deficiency
HIZENTRA,Hizentra,0,2010,L4,279,immune deficiency
BIVIGAM,Bivigam,0,2012,L4,279,immune deficiency
"IMMUNOGLOBULIN + HUMAN RECOMBINANT HYALURONIDASE (RHUPH20) (IMMUNE DEFICIENCY, ENHANZE), SHIRE",HyQvia,0,2014,L4,279,immune deficiency
BERIPLEX P/N,Kcentra,0,2013,L4,286,blood clotting disorder
"FIBRINOGEN (INTRAVENOUS, FACTOR I DEFICIENCY/BLEEDING), CSL",RiaSTAP,0,2009,L4,286,factor i deficiency
NONACOG GAMMA,Rixubis,0,2013,L4,286,factor ix deficiency
EFTRENONACOG ALFA,Alprolix,0,2014,L4,286,factor ix deficiency
TRENONACOG ALFA,Ixinity,0,2015,L4,286,factor ix deficiency
ALBUTREPENONACOG ALFA,Idelvion,0,2016,L4,286,factor ix deficiency
"RECOMBINANT MOROCTOCOG ALFA (PLASMA/ALBUMIN-FREE, HEMOPHILIA A), WYETH",Xyntha,0,2008,L4,286,factor viii deficiency
TUROCTOCOG ALFA,Novoeight,0,2013,L4,286,factor viii deficiency
EFMOROCTOCOG ALFA,Eloctate,0,2014,L4,286,factor viii deficiency
SUSOCTOCOG ALFA,Obizur,0,2014,L4,286,factor viii deficiency
RURIOCTOCOG ALFA PEGOL,Adynovate,0,2015,L4,286,factor viii deficiency
SIMOCTOCOG ALFA,Nuwiq,0,2015,L4,286,factor viii deficiency
LONOCTOCOG ALFA,Afstyla,0,2016,L4,286,factor viii deficiency
"OCTOCOG ALFA (PLASMA-FREE, SUCROSE-FORMULATED), BAYER",Kovaltry,0,2016,L4,286,factor viii deficiency
"FACTOR XIII CONCENTRATE, CSL",Corifact,0,2011,L4,286,factor xiii deficiency
CATRIDECACOG,Tretten,0,2013,L4,286,factor xiii deficiency
"VON WILLEBRAND FACTOR/FACTOR VIII (IV, PLASMA-DERIVED), OCTAPHARMA",Wilate,0,2009,L4,286,von willebrands disease
VONICOG ALFA,Vonvendi,0,2015,L4,286,von willebrands disease
PRIVIGEN,Privigen,0,2007,L4,287,immune thrombocytopenic purpura
ELTROMBOPAG,Promacta,0,2008,L4,287,immune thrombocytopenic purpura
ROMIPLOSTIM,Nplate,0,2008,L4,287,immune thrombocytopenic purpura
EXTAVIA,Extavia,0,2009,L4,340,multiple sclerosis
"FAMPRIDINE (ORAL, SUSTAINED RELEASE, MULTIPLE SCLEROSIS/ SPINAL CORD INJURY), ACORDA/BIOGEN",Ampyra,0,2010,L4,340,multiple sclerosis
FINGOLIMOD,Gilenya,0,2010,L4,340,multiple sclerosis
TERIFLUNOMIDE,Aubagio,0,2012,L4,340,multiple sclerosis
DIMETHYL FUMARATE,Tecfidera,0,2013,L4,340,multiple sclerosis
"PEGINTERFERON BETA-1A (MULTIPLE SCLEROSIS), BIOGEN",Plegridy,0,2014,L4,340,multiple sclerosis
"DACLIZUMAB (HIGH-CONCENTRATION SC, MULTIPLE SCLEROSIS), ABBVIE/BIOGEN",Zinbryta,0,2016,L4,340,multiple sclerosis
"BUDESONIDE + FORMOTEROL FUMARATE, ASTRAZENECA",Symbicort,0,2006,L4,493,asthma
"ZILEUTON (ORAL CONTROLLED-RELEASE, GEOMATRIX), CHIESI USA INC/SKYEPHARMA",Zyflo CR,0,2007,L4,493,asthma
"CICLESONIDE (METERED DOSE INHALER), NYCOMED",Alvesco,0,2008,L4,493,asthma
"MOMETASONE + FORMOTEROL (INHALED, ASTHMA), MERCK & CO",Dulera,0,2010,L4,493,asthma
"FLUTICASONE FUROATE (INHALED, RESPIRATORY DISORDERS), GLAXOSMITHKLINE",Arnuity Ellipta,0,2014,L4,493,asthma
MEPOLIZUMAB,Nucala,0,2015,L4,493,asthma
RESLIZUMAB,Cinqair,0,2016,L4,493,asthma
CERTOLIZUMAB PEGOL,Cimzia,0,2008,L4,555,crohns disease
VEDOLIZUMAB,Entyvio,0,2014,L4,555,crohns disease
"MESALAZINE (ORAL SUSTAINED RELEASE, MMX), GIULIANI/SHIRE/MOCHIDA/PACIFIC",Lialda,0,2007,L4,556,ulcerative colitis
"BUDESONIDE (ORAL CONTROLLED-RELEASE GASTROINTESTINAL-SPECIFIC (MMX), ULCERATIVE COLITIS), COSMO/FERRING/SALIX",Uceris tablet,0,2013,L4,556,ulcerative colitis
"MESALAZINE (ORAL DELAYED-RELEASE), ALLERGAN",Delzicol,0,2013,L4,556,ulcerative colitis
"BUDESONIDE (RECTAL FOAM, ULCERATIVE COLITIS), DR FALK PHARMA/SALIX/AJINOMOTO/EA PHARMA",Uceris rectal foam,0,2014,L4,556,ulcerative proctitis
"DESONIDE (TOPICAL, VERSAFOAM), AQUA PHARMACEUTICALS",Verdeso,0,2006,L4,691,atopic dermatitis
"CALCIPOTRIOL + BETAMETHASONE DIPROPIONATE, LEO",Taclonex,0,2006,L4,696,psoriasis
"CALCITRIOL (OINTMENT), GALDERMA",Vectical,0,2009,L4,696,psoriasis
USTEKINUMAB,Stelara,0,2009,L4,696,psoriasis
"CALCIPOTRIOL (DERMATOLOGICAL FOAM, PSORIASIS), STIEFEL",Sorilux,0,2010,L4,696,psoriasis
SECUKINUMAB,Cosentyx,0,2015,L4,696,psoriasis
"BETAMETHASONE DIPROPIONATE (TOPICAL SPRAY, PSORIASIS), PROMIUS PHARMA",Sernivo,0,2016,L4,696,psoriasis
IXEKIZUMAB,Taltz,0,2016,L4,696,psoriasis
BRODALUMAB,Siliq,0,2017,L4,696,psoriasis
APREMILAST,Otezla,0,2014,L4,696,psoriatic arthritis
BELIMUMAB,Benlysta,0,2011,L4,710,systemic lupus erythematosus
"LIDOCAINE + TETRACAINE (LOCAL ANESTHESIA), CRESCITA",Pliaglis,0,2006,L4,710,topical anesthesia
"LIDOCAINE (TRANSDERMAL HIGH VELOCITY, POWDERJECT), LEE'S/ POWDER/ MARATHON",Zingo,0,2007,L4,710,topical anesthesia
"BUPIVACAINE (EXTENDED RELEASE/DEPOFOAM, POSTOPERATIVE PAIN), PACIRA PHARMACEUTICALS/MARUHO",Exparel,0,2011,L4,710,topical anesthesia
"TETRACAINE HYDROCHLORIDE + OXYMETAZOLINE HYDROCHLORIDE (NASAL SPRAY, LOCAL ANESTHESIA), ST RENATUS",Kovanaze,0,2016,L4,710,topical anesthesia
"IBUPROFEN + FAMOTIDINE (ORAL/TABLET, PAIN/ARTHRITIS/GASTRIC ULCER), HORIZON",Duexis,0,2011,L4,714,arthritis
"METHOTREXATE (SC/MEDI-JET, RHEUMATOID ARTHRITIS/PSORIASIS), ANTARES PHARMA",Otrexup,0,2013,L4,714,juvenile rheumatoid arthritis
"METHOTREXATE (SC, RHEUMATOID ARTHRITIS/POLY-ARTICULAR-COURSE JUVENILE RA/PSORIASIS), MEDAC PHARMA",Rasuvo,0,2014,L4,714,juvenile rheumatoid arthritis
"TOCILIZUMAB (INTRAVENOUS), ROCHE/CHUGAI",Actemra (intravenous),0,2010,L4,714,rheumatoid arthritis
"TOFACITINIB (ORAL, INFLAMMATION), PFIZER",Xeljanz,0,2012,L4,714,rheumatoid arthritis
"GOLIMUMAB (IV INFUSION), JOHNSON & JOHNSON",Simponi Aria,0,2013,L4,714,rheumatoid arthritis
"TOCILIZUMAB (SUBCUTANEOUS), ROCHE/CHUGAI",Actemra (subcutaneous),0,2013,L4,714,rheumatoid arthritis
"TOFACITINIB (ORAL MODIFIED RELEASE), PFIZER",Xeljanz XR,0,2016,L4,714,rheumatoid arthritis
ETONOGESTREL,Implanon,0,2006,L4,996,female contraception
"LEVONORGESTREL + ETHINYLESTRADIOL (PLUS ETHINYLESTRADIOL TABLETS), BARR/PALADIN",Seasonique,0,2006,L4,996,female contraception
"LEVONORGESTREL + ETHINYLESTRADIOL, PFIZER",Lybrel,0,2007,L4,996,female contraception
"DIENOGEST + ESTRADIOL VALERATE (ORAL CONTRACEPTIVE), BAYER SCHERING",Natazia,0,2010,L4,996,female contraception
"NORETHINDRONE ACETATE + ETHINYL ESTRADIOL (LO LOESTRIN FE), WARNER CHILCOTT",Lo Loestrin Fe,0,2010,L4,996,female contraception
"NORETHINDRONE ACETATE + ETHINYL ESTRADIOL (LOW DOSE ORAL CONTRACEPTIVE), ALLERGAN",Generess Fe,0,2010,L4,996,female contraception
ULIPRISTAL,Ella,0,2010,L4,996,female contraception
"LEVONORGESTEROL (3-YEAR INTRAUTERINE CONTRACEPTIVE SYSTEM), BAYER HEALTHCARE",Skyla,0,2013,L4,996,female contraception
"LEVONORGESTREL + ETHINYL ESTRADIOL (CONTRACEPTIVE, ORAL), TEVA",Quartette,0,2013,L4,996,female contraception
"NORETHINDRONE ACETATE + ETHINYL ESTRADIOL + FERROUS FUMARATE, ALLERGAN",Taytulla,0,2013,L4,996,female contraception
BELATACEPT,Nulojix,0,2011,L4,996,kidney transplant rejection
"TACROLIMUS (ORAL SUSTAINED-RELEASE), ASTELLAS",Astagraf XL,0,2013,L4,996,kidney transplant rejection
"TACROLIMUS (IMPROVED TABLET FORMULATION), VELOXIS/CHIESI",Envarsus XR,0,2015,L4,996,kidney transplant rejection
"AZITHROMYCIN (OPHTHALMIC SUSTAINED RELEASE, DURASITE), INSITE",Azasite,0,2007,L4,996,ocular infection
"TRIAMCINOLONE ACETONIDE (INJECTABLE, OCULAR INFLAMMATION), ALCON",Triesence,0,2007,L4,996,ocular inflammation
"LOTEPREDNOL ETABONATE (OPHTHALMIC GEL), BAUSCH & LOMB",Lotemax,0,2012,L4,996,ocular inflammation
"LOW CONCENTRATION BROMFENAC (DURASITE, INFLAMMATION/EYE PAIN), INSITE",Bromsite,0,2016,L4,996,ocular inflammation
PLERIXAFOR,Mozobil,0,2008,L4,2042,bone marrow transplantation
"COLCHICINE (ORAL, GOUT/FAMILIAL MEDITERRANEAN FEVER), TAKEDA",Colcrys,0,2009,M4,274,gout
FEBUXOSTAT,Uloric,0,2009,M4,274,gout
PEGLOTICASE,Krystexxa,0,2010,M4,274,gout
"COLCHICINE (CAPSULE, GOUT FLARES), HIKMA PHARMACEUTICALS",Mitigare,0,2014,M4,274,gout
LESINURAD,Zurampic,0,2015,M4,274,gout
"LIDOCAINE GEL (OPHTHALMIC FORMULATION, OCULAR ANESTHESIA), AKORN",Akten,0,2008,N1,763,anesthesia
"GABAPENTIN (ACUFORM CONTROLLED-RELEASE, GASTRIC RETENTION SYSTEM), DEPOMED",Gralise,0,2011,N2,53,postherpetic neuralgia
VARIZIG,Varizig,0,2012,N2,53,varicella zoster virus infection
"SEVELAMER CARBONATE (TABLET, RENAL DISEASE/HYPERPHOSPHATEMIA), GENZYME",Renvela,0,2007,N2,275,hyperphosphatemia
SUCROFERRIC OXYHYDROXIDE,Velphoro,0,2013,N2,275,hyperphosphatemia
"FERRIC CITRATE (ORAL, HYPERPHOSPHATEMIA), PANACOR/KERYX/JAPAN TOBACCO/TORII/3SBIO",Auryxia,0,2014,N2,275,hyperphosphatemia
ASFOTASE ALFA,Strensiq,1,2015,N2,275,hypophosphatasia
DEFERIPRONE,Ferriprox,0,2011,N2,275,iron overload
"ARIPIPRAZOLE (INTRAMUSCULAR), OTSUKA/BMS",Abilify,0,2006,N2,295,schizophrenia
"PALIPERIDONE (ORAL, OROS), JOHNSON & JOHNSON",Invega,0,2006,N2,295,schizophrenia
"QUETIAPINE FUMARATE (ONCE-DAILY SUSTAINED RELEASE TABLET), ASTRAZENECA",Seroquel XR,0,2007,N2,295,schizophrenia
ILOPERIDONE,Fanapt,0,2009,N2,295,schizophrenia
"PALIPERIDONE PALMITATE (DEPOT INJECTION, NANOCRYSTAL), JOHNSON & JOHNSON",Invega Sustenna,0,2009,N2,295,schizophrenia
ZYPADHERA,Zyprexa Relprevv,0,2009,N2,295,schizophrenia
LURASIDONE,Latuda,0,2010,N2,295,schizophrenia
"ARIPIPRAZOLE (INTRAMUSCULAR DEPOT, SCHIZOPHRENIA), OTSUKA/H LUNDBECK",Abilify Maintena,0,2013,N2,295,schizophrenia
"CLOZAPINE (ORAL SUSPENSION, SCHIZOPHRENIA), JAZZ PHARMACEUTICALS",Versacloz,0,2013,N2,295,schizophrenia
"ARIPIPRAZOLE (EXTENDED-RELEASE INTRAMUSCULAR, LINKERX, SCHIZOPHRENIA), ALKERMES",Aristada,0,2015,N2,295,schizophrenia
BREXPIPRAZOLE,Rexulti,0,2015,N2,295,schizophrenia
CARIPRAZINE,Vraylar,0,2015,N2,295,schizophrenia
"PALIPERIDONE PALMITATE (3-MONTH FORMULATION, SCHIZOPHRENIA), JANSSEN",Invega Trinza,0,2015,N2,295,schizophrenia
"FLUVOXAMINE (ORAL CONTROLLED-RELEASE, SODAS), JAZZ",Luvox CR,0,2008,N2,300,anxiety disorder
"BUPRENORPHINE + NALOXONE (OPIOID DEPENDENCE), OREXO",Zubsolv,0,2013,N2,304,opiate dependence
"BUPRENORPHINE + NALOXONE (HIGH DOSE, BUCCAL (BEMA), OPIOID DEPENDENCE), BIODELIVERY SCIENCES",Bunavail,0,2014,N2,304,opiate dependence
"NALOXONE (NASAL SPRAY, OPIATE OVERDOSE), ADAPT PHARMA",Narcan,0,2015,N2,304,opiate dependence
"BUPRENORPHINE (SUSTAINED RELEASE/SC IMPLANT, PRONEURA), TITAN/ BRAEBURN/ KNIGHT",Probuphine,0,2016,N2,304,opiate dependence
VARENICLINE,Chantix,0,2006,N2,305,nicotine dependence
"SELEGILINE TRANSDERMAL SYSTEM, MYLAN",Emsam,0,2006,N2,311,depression
"TRAZODONE (ORAL ONCE-DAILY, CONTRAMID), LABOPHARM",Oleptro,0,2010,N2,311,depression
"BUPROPION HYDROCHLORIDE (ORAL EXTENDED-RELEASE, VERSATAB), INTELGENX",Forfivo XL,0,2011,N2,311,depression
"FLUOXETINE (ORAL TABLET, DEPRESSION), EDGEMONT",fluoxetine,0,2011,N2,311,depression
"METHYLPHENIDATE (TRANSDERMAL), SHIRE/NOVEN",Daytrana,0,2006,N2,314,attention deficit hyperactivity disorder
LISDEXAMFETAMINE,Vyvanse,0,2007,N2,314,attention deficit hyperactivity disorder
"GUANFACINE HYDROCHLORIDE (EXTENDED-RELEASE, ORAL, ATTENTION DEFICIT HYPERACTIVITY DISEASE/ ADHD), SHIRE",Intuniv,0,2009,N2,314,attention deficit hyperactivity disorder
"METHYLPHENIDATE HYDROCHLORIDE (EXTENDED-RELEASE ORAL SUSPENSION, ADHD), NEXTWAVE",Quillvant XR,0,2012,N2,314,attention deficit hyperactivity disorder
AMPHETAMINE,Dynavel XR,0,2015,N2,314,attention deficit hyperactivity disorder
"METHYLPHENIDATE HYDROCHLORIDE (EXTENDED-RELEASE CHEWABLE TABLET, ADHD), NEXTWAVE/PFIZER",Quillichew ER,0,2015,N2,314,attention deficit hyperactivity disorder
"METHYLPHENIDATE HYDROCHLORIDE (ONCE-DAILY ORAL, ADHD), PURDUE PHARMA/RHODES PHARMACEUTICALS",Aptensio XR,0,2015,N2,314,attention deficit hyperactivity disorder
"AMFETAMINE POLISTIREX (EXTENDED RELEASE, ORALLY DISINTEGRATING TABLET, RDIM, ATTENTION DEFICIT HYPERACTIVITY DISORDER), NEOS",Adzenys XR-ODT,0,2016,N2,314,attention deficit hyperactivity disorder
TASIMELTEON,Hetlioz,0,2014,N2,327,circadian rhythm sleep disorder
ARMODAFINIL,Nuvigil,0,2007,N2,327,obstructive sleep apnea
"MEMANTINE HYDROCHLORIDE (EXTENDED RELEASE), ALLERGAN/MERZ",Namenda XR,0,2010,N2,331,alzheimers disease
FLORBETAPIR (18F),Amyvid,0,2012,N2,331,alzheimers disease
FLORBETABEN (18F),Neuraceq,0,2014,N2,331,alzheimers disease
"MEMANTINE HYDROCHLORIDE ER + DONEPEZIL HYDROCHLORIDE (EXTENDED RELEASE FORMULATION, DEMENTIA), ADAMAS/ALLLERGAN",Namzaric,0,2014,N2,331,alzheimers disease
RASAGILINE,Azilect,0,2006,N2,332,parkinsons disease
"SELEGILINE (FAST-ACTING, ZYDIS), SCHERER/ELAN",Zelapar,0,2006,N2,332,parkinsons disease
"ROTIGOTINE (TRANSDERMAL PATCH, PARKINSON'S/RESTLESS LEGS SYNDROME), UCB",Neupro,0,2007,N2,332,parkinsons disease
"ROPINIROLE (EXTENDED RELEASE, GEOMATRIX, PARKINSON'S DISEASE), GLAXOSMITHKLINE",Requip XL,0,2008,N2,332,parkinsons disease
"PRAMIPEXOLE (ORAL EXTENDED-RELEASE), BOEHRINGER INGELHEIM",Mirapex ER,0,2010,N2,332,parkinsons disease
"CARBIDOPA + LEVODOPA (CONTROLLED RELEASE, PARKINSONS DISEASE), IMPAX/GLAXOSMITHKLINE",Rytary,0,2015,N2,332,parkinsons disease
"LEVODOPA + CARBIDOPA (INTESTINAL SUSPENSION GEL, PARKINSON'S DISEASE), ABBVIE",duopa,0,2015,N2,332,parkinsons disease
SAFINAMIDE,Xadago,0,2017,N2,332,parkinsons disease
INCOBOTULINUMTOXINA,Xeomin,0,2010,N2,333,blepharospasm
ABOBOTULINUMTOXINA,Dysport,0,2009,N2,333,cervical dystonia
TETRABENAZINE,Xenazine,0,2008,N2,333,huntingtons chorea
GABAPENTIN ENACARBIL,Horizant,0,2011,N2,333,restless legs syndrome
"FENTANYL (BUCCAL TRANSMUCOSAL, ORAVESCENT), CEPHALON",Fentora,0,2006,N2,338,cancer pain
"FENTANYL (BUCCAL, BEMA), BIODELIVERY/MEDA",Onsolis,0,2009,N2,338,cancer pain
"FENTANYL (BUCCAL SYSTEMIC, PAIN), KYOWA KIRIN/KYOWA",Abstral,0,2011,N2,338,cancer pain
"FENTANYL (INTRANASAL/PECSYS, BREAKTHROUGH CANCER PAIN), ARCHIMEDES / DEPOMED",Lazanda,0,2011,N2,338,cancer pain
"FENTANYL (SUBLINGUAL SPRAY, PAIN), INSYS THERAPEUTICS",Subsys,0,2012,N2,338,cancer pain
"SUMATRIPTAN + NAPROXEN SODIUM, ARALEZ/GLAXOSMITHKLINE",Treximet,0,2008,N2,346,migraine
"DICLOFENAC POTASSIUM (IMMEDIATE-RELEASE, ORAL POWDER), NOVARTIS/ DEPOMED/ TRIBUTE",Cambia,0,2009,N2,346,migraine
"SUMATRIPTAN (NEEDLELESS DELIVERY, INTRAJECT), ENDO",Sumavel Dosepro,0,2009,N2,346,migraine
"SUMATRIPTAN SUCCINATE (INTRANASAL, MIGRAINE), OPTINOSE",Onzetra Xsail,0,2016,N2,346,migraine
"CAPSAICIN DERMAL PATCH, NEUROGESX/ASTELLAS",Qutenza,0,2009,N2,349,neuropathic pain
"BACLOFEN (INTRATHECAL, SPASTICITY/COMPLEX REGIONAL PAIN SYNDROME), PIRAMAL",Gablofen,0,2010,N2,358,muscle hypertonia
"NEOSTIGMINE METHYLSULFATE (INTRAVENOUS, NEUROMUSCULAR BLOCKADE), AVADEL PHARMACEUTICALS",Bloxiverz,0,2013,N2,358,neuromuscular blockade
"KETOROLAC TROMETHAMINE + PHENYLEPHRINE HYDROCHLORIDE  (OPHTHALMOLOGICAL, MYDRIASIS MAINTENANCE), OMEROS",Omidria,0,2014,N2,379,ocular pain
PRASUGREL,Effient,0,2009,N2,411,acute coronary syndrome
TICAGRELOR,Brilinta,0,2011,N2,411,acute coronary syndrome
CANGRELOR,Kengreal,0,2015,N2,411,coronary thrombosis
"DEXLANSOPRAZOLE (ORAL CONTROLLED-RELEASE), TAKEDA",Dexilant,0,2009,N2,530,gastroesophageal reflux
ALVIMOPAN,Entereg,0,2008,N2,560,ileus
LUBIPROSTONE,Amitiza,0,2006,N2,564,constipation
"METHYLNALTREXONE BROMIDE (SUBCUTANEOUS), PROGENICS/WYETH/ONO/SALIX",Relistor,0,2008,N2,564,constipation
LINACLOTIDE,Linzess,0,2012,N2,564,constipation
NALOXEGOL,Movantik,0,2014,N2,564,constipation
"METHYLNALTREXONE BROMIDE (ORAL), SALIX",Relistor,0,2016,N2,564,constipation
ELUXADOLINE DIHYDROCHLORIDE,Viberzi,0,2015,N2,564,diarrhea predominant irritable bowel syndrome
"TROSPIUM CHLORIDE (ORAL, EXTENDED RELEASE), ENDO/ALLERGAN",Sanctura XR,0,2007,N2,596,overactive bladder
FESOTERODINE FUMARATE,Toviaz,0,2008,N2,596,overactive bladder
"OXYBUTYNIN (10% GEL, OVERACTIVE BLADDER), ALLERGAN",Gelnique,0,2009,N2,596,overactive bladder
"OXYBUTYNIN (3% GEL, OVERACTIVE BLADDER), ALLERGAN/ DAEWOONG",Gelnique 3% (Anturol),0,2011,N2,596,overactive bladder
MIRABEGRON,Myrbetriq,0,2012,N2,596,overactive bladder
OSPEMIFENE,Osphena,0,2013,N2,608,dyspareunia
"NAPROXEN + ESOMEPRAZOLE (ORAL FIXED-DOSE COMBINATION, INFLAMMATORY PAIN), ASTRAZENECA/ARALEZ",Vimovo,0,2010,N2,614,inflammatory disease
"PREDNISONE (ORAL, DELAYED RELEASE), HORIZON/MUNDIPHARMA",Rayos,0,2012,N2,614,inflammatory disease
"SYNTHETIC CONJUGATED ESTROGEN (CREAM, VULVOVAGINAL ATROPHY), TEVA","synthetic conjugated estrogens, A vaginal cream",0,2008,N2,627,atrophic vaginitis
"ESTRADIOL GEL, ANTARES/ANI PHARMACEUTICALS",Elestrin,0,2006,N2,627,hot flashes
"ESTRADIOL (TRANSDERMAL SPRAY, MDTS/ACROSS), ACRUX",Evamist,0,2007,N2,627,hot flashes
"LOW DOSE PAROXETINE MESYLATE (ORAL, HOT FLASHES), NOVEN",Brisdelle,0,2013,N2,627,hot flashes
"ESTRADIOL TRANSDERMAL GEL (HRT), ORION/ POLA/ MOCHIDA/ VERTICAL",Divigel,0,2007,N2,627,menopause
"NEXT GENERATION TRANSDERMAL ESTROGEN (MENOPAUSAL SYMPTOMS), NOVEN",Minivelle,0,2012,N2,627,menopause
"BAZEDOXIFENE + CONJUGATED ESTROGENS, PFIZER",Duavee,0,2013,N2,627,menopause
"TRANEXAMIC ACID (MODIFIED RELEASE), XANODYNE/FERRING",Lysteda,0,2009,N2,627,menorrhagia
"DICLOFENAC (TOPICAL), NUVO",Pennsaid,0,2009,N2,715,osteoarthritis
"DICLOFENAC (FAST PENETRATION TOPICAL FORMULATION), NUVO/ HORIZON PHARMA",Pennsaid,0,2014,N2,715,osteoarthritis
GOLIMUMAB,Simponi,0,2009,N2,720,ankylosing spondylitis
"INFLIXIMAB BIOSIMILAR, CELLTRION/NIPPON KAYAKU/HOSPIRA/EGIS GYOGYSZERGYAR/ORION",Inflectra,0,2016,N2,720,ankylosing spondylitis
"COLLAGENASE (INJECTABLE), ENDO/PFIZER",Xiaflex,0,2010,N2,728,dupuytren contracture
CYCLOBENZAPRINE HYDROCHLORIDE (EXTENDED-RELEASE DIFFUCAPS FORMULATION) CEPHALON,Amrix,0,2007,N2,728,muscle spasm
NUSINERSEN,Spinraza,0,2016,N2,728,spinal muscular atrophy
MILNACIPRAN,Savella,0,2009,N2,729,fibromyalgia
"MELOXICAM (SOLUMATRIX/ARTHRITIS), ICEUTICA",Vivlodex,0,2015,N2,729,musculoskeletal pain
"ALENDRONATE (EFFERVESCENT, OSTEOPOROSIS), EFFRX/ AHN-GOOK/ HIKMA/ ABIOGEN/ LACER/ ATRAL",Binosto,0,2012,N2,733,male osteoporosis
DENOSUMAB,Prolia,0,2010,N2,733,osteoporosis
"ATELVIA (OSTEOPOROSIS, WARNER CHILCOTT)",Atelvia,0,2010,N2,733,postmenopausal osteoporosis
"ZOLPIDEM TARTRATE (SUBLINGUAL, INSOMNIA), NOVADEL/ECR",Zolpimist,0,2008,N2,780,insomnia
"ZOLPIDEM TARTRATE (SUBLINGUAL TABLET, INSOMNIA), MEDA",Edluar,0,2009,N2,780,insomnia
"DOXEPIN HYDROCHLORIDE (LOW-DOSE ORAL, INSOMNIA), SOMAXON",Silenor,0,2010,N2,780,insomnia
"ZOLPIDEM TARTRATE (LOW-DOSE SUBLINGUAL TABLET, INSOMNIA), TRANSCEPT/ PURDUE",Intermezzo,0,2011,N2,780,insomnia
SUVOREXANT,Belsomra,0,2014,N2,780,insomnia
"FENTANYL (TRANSDERMAL, HOSPITALIZED PATIENTS), JOHNSON & JOHNSON",Ionsys,0,2006,N2,780,pain
"OXYMORPHONE ER, ENDO",Opana ER,0,2006,N2,780,pain
"OXYMORPHONE IR, ENDO",Opana IR,0,2006,N2,780,pain
"DICLOFENAC (TRANSDERMAL PATCH), PFIZER",Flector,0,2007,N2,780,pain
"DIFLUPREDNATE (OPHTHALMIC EMULSION, OCULAR INFLAMMATION/PAIN ), ALCON",Durezol,0,2008,N2,780,pain
TAPENTADOL,Nucynta,0,2008,N2,780,pain
"TRAMADOL HYDROCHLORIDE (ONCE-DAILY, CONTRAMID), LABOPHARM",Ryzolt,0,2008,N2,780,pain
"DICLOFENAC POTASSIUM (ORAL, PROSORB, PAIN), DEPOMED",Zipsor,0,2009,N2,780,pain
"IBUPROFEN (INJECTABLE, PAIN/FEVER), CUMBERLAND/ PHEBRA/ DB PHARM/ ALVEDA/ GLORIA/ PT. SOHO INDUSTRI PHARMASI/ SANDOR MEDICAIDS/ GRIFOLS",Caldolor,0,2009,N2,780,pain
"MORPHINE (ORAL, SUSTAINED-RELEASE, FORMULATED WITH ABUSE-DETERRENT NALTREXONE), PFIZER",Embeda,0,2009,N2,780,pain
"BUPRENORPHINE (TRANSDERMAL PATCH, PAIN), GRUNENTHAL/ MUNDIPHARMA",Butrans,0,2010,N2,780,pain
"HYDROMORPHONE (ORAL CONTROLLED-RELEASE, OROS), ALZA/NEUROMED",Exalgo,0,2010,N2,780,pain
"KETOROLAC TROMETHAMINE (INTRANASAL, PAIN), EGALET",Sprix,0,2010,N2,780,pain
"OXYCODONE (SUSTAINED RELEASE, TAMPER RESISTANT), PURDUE",Oxycontin,0,2010,N2,780,pain
"TRAMADOL (ONCE-DAILY, SUSTAINED-RELEASE, ORAL), CIPHER/VERTICAL PHARMACEUTICALS/MEDICAL FUTURES",Conzip,0,2010,N2,780,pain
"OXYCODONE (IMMEDIATE RELEASE, ABUSE DETERRENT, AVERSION), EGALET CORP",Oxaydo,0,2011,N2,780,pain
"OXYCODONE HYDROCHLORIDE (ODT, IMMEDIATE-RELEASE, ORAL TASTE-MASKED/FLASHTAB, PAIN), ETHYPHARM",Oxynormoro,0,2011,N2,780,pain
"TAPENTADOL (SUSTAINED RELEASE, PAIN) J&J PRD/GRUNENTHAL",Nucynta ER,0,2011,N2,780,pain
"DICLOFENAC (SOLUMATRIX/CAPSULE, DENTAL/OSTEOARTHRITIC PAIN), IROKO/ICEUTICA",Zorvolex,0,2013,N2,780,pain
"HYDROCODONE (ORAL ABUSE-RESISTANT (BEADTEK), CONTROLLED-RELEASE (SODAS)), PERNIX",Zohydro ER,0,2013,N2,780,pain
"CYCLODEXTRIN-COMBINED DICLOFENAC (INJECTABLE), HOSPIRA",Dyloject,0,2014,N2,780,pain
"HYDROCODONE BITARTRATE (EXTENDED-RELEASE, ABUSE-DETERRENT FORMULATION, PAIN), PURDUE PHARMA",Hysingla ER,0,2014,N2,780,pain
"INDOMETHACIN (SOLUMATRIX/CAPSULE, DENTAL PAIN), IROKO/ICEUTICA",Tivorbex,0,2014,N2,780,pain
"OXYCODONE (FORMULATED WITH ABUSE-DETERRENT NALOXONE, PROLONGED RELEASE TABLET, PAIN), MUNDIPHARMA",Targiniq,0,2014,N2,780,pain
"OXYCODONE + PARACETAMOL (ORAL, ACUFORM, PAIN), MALLINCKRODT",Xartemis XR,0,2014,N2,780,pain
"BUPRENORPHINE (BUCCAL, BEMA), BIODELIVERY/ ENDO",Belbuca,0,2015,N2,780,pain
"OXYCODONE EXTENDED-RELEASE (ORAL, DETERX, CHRONIC PAIN), COLLEGIUM PHARMACEUTICALS",Xtampza ER,0,2016,N2,780,pain
"DUTASTERIDE + TAMSULOSIN (BENIGN PROSTATIC HYPERPLASIA), GLAXOSMITHKLINE",Jalyn,0,2010,N2,788,urinary dysfunction
VANDETANIB,Caprelsa,0,2011,N3,193,medullary thyroid cancer
CABOZANTINIB S-MALATE,Cometriq,0,2012,N3,193,medullary thyroid cancer
PIMAVANSERIN,Nuplazid,1,2016,N3,292,psychotic disorder
"RIVASTIGMINE (TRANSDERMAL), NOVARTIS",Exelon,0,2007,N3,294,dementia
123I-IOFLUPANE,Datscan,0,2011,N3,294,neurodegenerative disease
"VALPROIC ACID (DELAYED RELEASE), NOVEN/BANNER",Stavzor,0,2008,N3,296,bipolar disorder
ASENAPINE,Saphris,0,2009,N3,296,bipolar disorder
"LAMOTRIGINE (ORALLY DISINTEGRATING TABLET), GSK",Lamictal Odt,0,2009,N3,296,bipolar i disorder
"BUPROPION (ENHANCED-ABSORPTION SALT, DEPRESSION), BIOVAIL",Aplenzin,0,2008,N3,296,major depressive disorder
DESVENLAFAXINE,Pristiq,0,2008,N3,296,major depressive disorder
VILAZODONE,Viibryd,0,2011,N3,296,major depressive disorder
"DESVENLAFAXINE (EXTENDED-RELEASE TABLET, DEPRESSION), ALEMBIC/SUN",Desvenlafaxine,0,2013,N3,296,major depressive disorder
"DESVENLAFAXINE (EXTENDED-RELEASE TABLET, DEPRESSION), OSMOTICA PHARMACEUTICAL",Khedezla,0,2013,N3,296,major depressive disorder
LEVOMILNACIPRAN,Fetzima,0,2013,N3,296,major depressive disorder
VORTIOXETINE HYDROBROMIDE,Trintellix,0,2013,N3,296,major depressive disorder
VIGABATRIN,Sabril,0,2009,N3,345,complex partial seizure
"LEVETIRACETAM (IV INFUSION), UCB",Keppra,0,2006,N3,345,epilepsy
"LEVETIRACETAM (EXTENDED RELEASE FORMULATION), UCB",Keppra XR,0,2008,N3,345,epilepsy
"LAMOTRIGINE (EXTENDED RELEASE), GLAXOSMITHKLINE",Lamictal XR,0,2009,N3,345,epilepsy
RETIGABINE,Potiga,0,2011,N3,345,epilepsy
"OXCARBAZEPINE (ONCE-DAILY, ORAL EXTENDED RELEASE, EPILEPSY), SUPERNUS",Oxtellar XR,0,2012,N3,345,epilepsy
"TOPIRAMATE (ONCE-DAILY, EPILEPSY), SUPERNUS",Trokendi XR,0,2013,N3,345,epilepsy
"TOPIRAMATE (EXTENDED-RELEASE, EPILEPSY), UPSHER-SMITH",Qudexy XR,0,2014,N3,345,epilepsy
"LEVETIRACETAM (ODT/ZIPDOSE, EPILEPSY), APRECIA",Spritam,0,2015,N3,345,epilepsy
RUFINAMIDE,Banzel,0,2008,N3,345,lennox gastaut syndrome
"CLOBAZAM (LENNOX-GASTAUT SYNDROME/ANXIETY), LUNDBECK",Onfi,0,2011,N3,345,lennox gastaut syndrome
"RUFINAMIDE (ORAL SUSPENSION), EISAI",Banzel (oral suspension),0,2011,N3,345,lennox gastaut syndrome
LACOSAMIDE,Vimpat,0,2008,N3,345,partial seizure
PERAMPANEL,Fycompa,0,2012,N3,345,partial seizure
ESLICARBAZEPINE ACETATE,Aptiom,0,2013,N3,345,partial seizure
BRIVARACETAM,Briviact,0,2016,N3,345,partial seizure
DABIGATRAN ETEXILATE,Pradaxa,0,2010,N3,997,stroke
ECULIZUMAB,Soliris,0,2007,P1,283,paroxysmal nocturnal hemoglobinuria
"QUININE SULFATE (CAPSULE, PLASMODIUM FALCIPARUM MALARIA), AR SCIENTIFIC/URL PHARMA",Qualaquin,0,2005,P1,283,plasmodium falciparum infection
"ARTEMETHER + LUMEFANTRINE, NOVARTIS",Coartem,0,2009,P1,283,plasmodium infection
LEVOCETIRIZINE,Xyzal,0,2007,R6,708,urticaria
LIFITEGRAST,Xiidra,0,2016,S1,267,xerophthalmia
"SODIUM PHENYLACETATE + SODIUM BENZOATE (HYPERAMMONEMIA), UCYCLYD",Ammonul,0,2005,S1,270,hyperammonemia
CARGLUMIC ACID,Carbaglu,0,2010,S1,270,hyperammonemia
GLYCEROL PHENYLBUTYRATE,Ravicti,0,2013,S1,270,hyperammonemia
"MERCAPTAMINE (ENTERIC-COATED), HORIZON PHARMA",Procysbi,0,2013,S1,270,nephropathic cystinosis
"SAPROPTERIN DIHYDROCHLORIDE (ORAL, PHENYLKETONURIA), BIOMARIN/MERCK SERONO",Kuvan,0,2007,S1,270,phenylketonuria
"OCRIPLASMIN (OPHTHALMIC), THROMBOGENICS/ALCON",Jetrea,0,2012,S1,362,macular disease
"DEXAMETHASONE (SUSTAINED RELEASE OPHTHALMIC), ALLERGAN/SANWA",Ozurdex,0,2009,S1,362,retinal venous occlusion
RANIBIZUMAB,Lucentis,0,2006,S1,362,wet age related macular degeneration
"AFLIBERCEPT (INTRAVITREAL, WET AMD, MACULAR EDEMA, DIABETIC RETINOPATHY), REGENERON/BAYER",Eylea,0,2011,S1,362,wet age related macular degeneration
"BEPOTASTINE (OPHTHALMIC), SENJU/ISTA",Bepreve,0,2009,S1,365,allergic conjunctivitis
"MITOMYCIN (OPHTHALMIC), MOBIUS THERAPEUTICS",Mitosol,0,2012,S1,365,glaucoma surgical procedure
"BRIMONIDINE + TIMOLOL (OPHTHALMIC), ALLERGAN",Combigan,0,2007,S1,365,ocular hypertension
TAFLUPROST,Zioptan,0,2012,S1,365,open angle glaucoma
"BRINZOLAMIDE + BRIMONIDINE (OPHTHALMIC, GLAUCOMA/OCULAR HYPERTENSION), ALCON",Simbrinza,0,2013,S1,365,open angle glaucoma
"TRANSEPITHELIAL RIBOFLAVIN (PARACEL/CORNEAL CROSS-LINKING/OPHTHALMIC LIQUID FORMULATION, KERATOCONUS/CORNEAL ECTASIA), AVEDRO",Photrexa,0,2016,S1,371,keratoconus
"GLYCOPYRRONIUM BROMIDE (ORAL, EXCESSIVE SALIVARY PRODUCTION), MERZ",Cuvposa,0,2010,S1,527,sialorrhea
"SPINOSAD CREME RINSE (HEAD LICE), PARAPRO",Natroba,0,2011,,132,pediculosis capitis infestation
"IVERMECTIN (TOPICAL, HEAD LICE), SANOFI-TOPAZ",Sklice,0,2012,,132,pediculosis capitis infestation
AXIRON,Axiron,0,2010,,257,hypogonadism
"TRANSDERMAL TESTOSTERONE GEL, KYOWA KIRIN",Fortesta,0,2010,,257,hypogonadism
"TESTOSTERONE GEL (MALE HYPOGONADISM), ANI PHARMACEUTICALS/TEVA",testosterone gel,0,2012,,257,male hypogonadism
BAY-86-5037,Aveed,0,2014,,257,male hypogonadism
"TESTOSTERONE (INTRANASAL SUSTAINED-RELEASE, HYPOGONADISM), ACERUS/ AYTU/ HYUNDAI",Natesto,0,2014,,257,male hypogonadism
"ACETYLCYSTEINE (ACETAMINOPHEN-INDUCED LIVER DAMAGE), ARBOR PHARMACEUTICALS",Cetylev,0,2016,,965,paracetamol overdose
"NALOXONE HYDROCHLORIDE (AUTO-INJECTOR, OPIOID OVERDOSE), KALEO",Evzio,0,2014,,968,drug overdose
"CHOLIC ACID (ORAL CAPSULE, BILE ACID METABOLISM DEFICITS/PEROXISOMAL DISORDERS), RETROPHIN",Cholbam,0,2015,,,peroxisome disease
ORITAVANCIN,Orbactiv,0,2014,,,streptococcus anginosus infection
